{
  "Open_loop_experiment_on_MV_2022-03-01-09h52" : {
    "FOPDT": {
      "K" : 0.5606894892010703,
      "T" : 166.19694987259177,
      "THETA" : 1.7144843527693636
    },
    "graphical" : {
      "Tg" : 117.593,
      "Tu" : 7.4074,
      "t1" : 47.06,
      "t2" : 72.55
    },
    "SOPDT": {
      "K" : 0.568729702885908,
      "T1" : 172.40926097266686,
      "T2" : 0.000028511434253226774,
      "THETA" : 1.9999999968968731
    }
  }
}